{"cameraMode":{"drawMode":0,"name":"Shaded","section":"Shading Mode"},"sceneLighting":false,"audioPlay":false,"sceneViewState":{"showFog":true,"showMaterialUpdate":false,"showSkybox":false,"showFlares":true,"showImageEffects":true,"showParticleSystems":true},"in2DMode":false,"pivot":{"x":31.360742568969728,"y":0.0,"z":10.947144508361817},"rotation":{"x":-0.04756375774741173,"y":0.8944294452667236,"z":-0.10005684942007065,"w":-0.4334961175918579},"size":72.15020751953125,"orthographic":false}