{"cameraMode":{"drawMode":0,"name":"Shaded","section":"Shading Mode"},"sceneLighting":false,"audioPlay":false,"sceneViewState":{"showFog":true,"showMaterialUpdate":false,"showSkybox":false,"showFlares":true,"showImageEffects":true,"showParticleSystems":true},"in2DMode":false,"pivot":{"x":1.0800001621246338,"y":0.784906268119812,"z":-0.018954895436763765},"rotation":{"x":-0.014136525802314282,"y":0.9824029207229614,"z":-0.1636616587638855,"w":-0.08998914808034897},"size":5.622856140136719,"orthographic":false}