{"cameraMode":{"drawMode":0,"name":"Shaded","section":"Shading Mode"},"sceneLighting":false,"audioPlay":false,"sceneViewState":{"showFog":true,"showMaterialUpdate":false,"showSkybox":false,"showFlares":true,"showImageEffects":true,"showParticleSystems":true},"in2DMode":false,"pivot":{"x":-0.029119879007339479,"y":-0.09726572036743164,"z":-0.22552025318145753},"rotation":{"x":-0.17333638668060304,"y":0.7730932831764221,"z":-0.23863686621189118,"w":-0.5615507364273071},"size":1.2458279132843018,"orthographic":false}