{"cameraMode":{"drawMode":0,"name":"Shaded","section":"Shading Mode"},"sceneLighting":false,"audioPlay":false,"sceneViewState":{"showFog":true,"showMaterialUpdate":false,"showSkybox":false,"showFlares":true,"showImageEffects":true,"showParticleSystems":true},"in2DMode":false,"pivot":{"x":373.79998779296877,"y":357.20001220703127,"z":0.0},"rotation":{"x":0.005397472530603409,"y":-0.0008704197243787348,"z":-0.00004909104245598428,"w":1.0000110864639283},"size":908.3953857421875,"orthographic":false}