{"cameraMode":{"drawMode":0,"name":"Shaded","section":"Shading Mode"},"sceneLighting":false,"audioPlay":false,"sceneViewState":{"showFog":true,"showMaterialUpdate":false,"showSkybox":false,"showFlares":true,"showImageEffects":true,"showParticleSystems":true},"in2DMode":false,"pivot":{"x":0.3473924696445465,"y":1.4470841884613038,"z":4.714478969573975},"rotation":{"x":-0.05605791136622429,"y":-0.023328274488449098,"z":-0.0013754023239016533,"w":0.9981807470321655},"size":2.4933085441589357,"orthographic":false}