{"cameraMode":{"drawMode":0,"name":"Shaded","section":"Shading Mode"},"sceneLighting":false,"audioPlay":false,"sceneViewState":{"showFog":true,"showMaterialUpdate":false,"showSkybox":false,"showFlares":true,"showImageEffects":true,"showParticleSystems":true},"in2DMode":false,"pivot":{"x":-0.3600254952907562,"y":0.22352567315101624,"z":-0.04128897190093994},"rotation":{"x":0.5011312961578369,"y":-0.2133607715368271,"z":0.12902796268463136,"w":0.8286717534065247},"size":2.0816309452056886,"orthographic":false}