{"cameraMode":{"drawMode":0,"name":"Shaded","section":"Shading Mode"},"sceneLighting":false,"audioPlay":false,"sceneViewState":{"showFog":true,"showMaterialUpdate":false,"showSkybox":false,"showFlares":true,"showImageEffects":true,"showParticleSystems":true},"in2DMode":false,"pivot":{"x":0.13239812850952149,"y":3.0093531608581545,"z":-0.7561664581298828},"rotation":{"x":-0.08247174322605133,"y":0.11399249732494354,"z":0.00943108182400465,"w":0.9900343418121338},"size":9.501547813415528,"orthographic":false}