{"cameraMode":{"drawMode":0,"name":"Shaded","section":"Shading Mode"},"sceneLighting":false,"audioPlay":false,"sceneViewState":{"showFog":true,"showMaterialUpdate":false,"showSkybox":false,"showFlares":true,"showImageEffects":true,"showParticleSystems":true},"in2DMode":false,"pivot":{"x":2.4460320472717287,"y":0.9593841433525086,"z":5.0507588386535648},"rotation":{"x":0.008278547786176205,"y":-0.17249950766563416,"z":0.0014064586721360684,"w":0.9849935173988342},"size":1.5631883144378663,"orthographic":false}