{"cameraMode":{"drawMode":0,"name":"Shaded","section":"Shading Mode"},"sceneLighting":false,"audioPlay":false,"sceneViewState":{"showFog":true,"showMaterialUpdate":false,"showSkybox":false,"showFlares":true,"showImageEffects":true,"showParticleSystems":true},"in2DMode":false,"pivot":{"x":-0.9344197511672974,"y":-0.38437366485595705,"z":16.298526763916017},"rotation":{"x":0.13041375577449799,"y":-0.359332799911499,"z":0.050745878368616107,"w":0.9226780533790588},"size":1.8000564575195313,"orthographic":false}